Metric,Mean,Std,Min,Max
Accuracy,0.8674074074074074,0.0257332557754804,0.837037037037037,0.9104477611940298
Precision,0.8566029386694295,0.03418935740317239,0.8043821579264618,0.897689776733255
Recall,0.7687554037896965,0.04477694415084269,0.7100833466050857,0.8307448107448108
F1-Score,0.7979408374120599,0.03795553648118993,0.7436679271035975,0.8574416433239962
