Fold,Accuracy,Precision,Recall,F1-Score
1,0.837037037037037,0.8298983625070582,0.804194733619106,0.8154578214578214
2,0.8805970149253731,0.8750686274509804,0.7685185185185185,0.7952778621279811
3,0.8582089552238806,0.875975768729392,0.7302356094609616,0.777858933046903
4,0.9104477611940298,0.897689776733255,0.8307448107448108,0.8574416433239962
5,0.8507462686567164,0.8043821579264618,0.7100833466050857,0.7436679271035975
