Metric,Mean,Std,Min,Max
Accuracy,0.8465118850193477,0.02807496989434358,0.7985074626865671,0.8805970149253731
Precision,0.8390753142581786,0.03272416017107143,0.7821212121212121,0.879524959742351
Recall,0.77762607869099,0.05907216644830746,0.6983373148590541,0.8643223443223442
F1-Score,0.786626489381742,0.056764848388698934,0.7036205971750402,0.8705598887190747
