Fold,Accuracy,Precision,Recall,F1-Score
1,0.837037037037037,0.8383868232224397,0.8172404799165364,0.8224969474969475
2,0.8507462686567164,0.8604416154205776,0.732094418362024,0.7579146141215106
3,0.8656716417910447,0.8349019607843136,0.7761358359949909,0.778540399396136
4,0.8805970149253731,0.879524959742351,0.8643223443223442,0.8705598887190747
5,0.7985074626865671,0.7821212121212121,0.6983373148590541,0.7036205971750402
